Source;Target;Weight
1;0;0.770004265837938
1;3;0.5323006312237416
2;4;0.7402865053906562
3;2;0.5863856132425681
3;16;0.16415034426167074
5;1;0.6693599089397927
6;8;0.781289913556856
7;9;0.7716511168959047
9;3;0.5750479331688833
9;8;0.5984842702642453
9;17;0.5949823538634543
11;13;0.6713800864020741
12;10;0.7812793468741019
12;18;0.49623267241907176
13;9;0.7647205352392905
13;18;0.5353770561333481
14;12;0.6881475452328846
15;14;0.6595006045890012
19;11;1.1821952906317017
19;20;1.241292033180945
